<?xml version="1.0" encoding="UTF-8" standalone="yes"?>
<addon id="repository.evilkingplus30" name="Evil King Official Repository" version="1.0" provider-name="iPaderi">
	<extension point="xbmc.addon.repository" name="Evil King Official Repository">
		<info compressed="false">http://www.evilking.rf.gd/repo/src/addons.xml</info>
		<checksum>http://www.evilking.rf.gd/repo/src/addons.xml.md5</checksum>
		<datadir zip="true">http://www.evilking.rf.gd/repo/src/</datadir>
	</extension>
	<extension point="xbmc.addon.metadata">
		<summary>Evil King Official Repository</summary>
		<description>Repository Autoaggiornante per Evil King</description>
		<platform>all</platform>
	</extension>
</addon>